IdxInBlock,OperationalSectorCount,IsaHomeStandbyFlag,StartDateLocalTime,StartTimeLocalTime,EndDateLocalTime,EndTimeLocalTime,EndDateCrewReferenceTime,EndTimeCrewReferenceTime,StartDateTimeZulu,EndDateTimeZulu,DutyLength,IsDutyMorningStart,IsDutyEveningFinish,IsDutyNightFinish,IsDutyElongated,IsDutyHighSector,HoursBetweenMidnight,IsStandby,IsContactable,CommuteTime
1,2,0,03/05/2022,06:10:00,03/05/2022,14:21:00,03/05/2022,14:21:00,03/05/2022 05:10:00,03/05/2022 13:21:00,08:11:00,1,0,0,0,0,14:21:00,FALSE,FALSE,00:50:00
2,4,0,04/05/2022,05:00:00,04/05/2022,13:25:00,04/05/2022,13:25:00,04/05/2022 04:00:00,04/05/2022 12:25:00,08:25:00,1,0,0,0,1,13:25:00,FALSE,FALSE,00:50:00
3,2,0,05/05/2022,04:55:00,05/05/2022,12:56:00,05/05/2022,12:56:00,05/05/2022 03:55:00,05/05/2022 11:56:00,08:01:00,1,0,0,0,0,12:56:00,FALSE,FALSE,00:50:00
1,2,0,17/05/2022,06:20:00,17/05/2022,12:52:00,17/05/2022,12:52:00,17/05/2022 05:20:00,17/05/2022 11:52:00,06:32:00,1,0,0,0,0,12:52:00,FALSE,FALSE,00:50:00
2,2,0,18/05/2022,05:20:00,18/05/2022,11:51:00,18/05/2022,11:51:00,18/05/2022 04:20:00,18/05/2022 10:51:00,06:31:00,1,0,0,0,0,11:51:00,FALSE,FALSE,00:50:00
1,4,0,21/05/2022,06:00:00,21/05/2022,16:28:00,21/05/2022,16:28:00,21/05/2022 05:00:00,21/05/2022 15:28:00,10:28:00,1,0,0,1,1,16:28:00,FALSE,FALSE,00:50:00
